change_color_filled,make it {color},color
change_color_filled,make the background {color},color
change_color_filled,change the color to {color},color
change_color_filled,change the background to {color},color
change_color_filled,paint the background {color},color
change_color_filled,paint it {color},color
change_color_filled,update the color to {color},color
change_color_filled,update the background color to {color},color
change_color_filled,how about {color},color
change_color_filled,what about changing it to {color},color

